{"cameraMode":{"drawMode":0,"name":"Shaded","section":"Shading Mode"},"sceneLighting":true,"audioPlay":false,"sceneViewState":{"showFog":true,"showMaterialUpdate":false,"showSkybox":true,"showFlares":true,"showImageEffects":true,"showParticleSystems":true},"in2DMode":false,"pivot":{"x":5.741262912750244,"y":1.0299999713897706,"z":-17.729999542236329},"rotation":{"x":0.09831294417381287,"y":-0.7554670572280884,"z":0.11646779626607895,"w":0.6373327374458313},"size":1.5949363708496094,"orthographic":true}