{"cameraMode":{"drawMode":0,"name":"Shaded","section":"Shading Mode"},"sceneLighting":true,"audioPlay":false,"sceneViewState":{"showFog":true,"showMaterialUpdate":false,"showSkybox":true,"showFlares":true,"showImageEffects":true,"showParticleSystems":true},"in2DMode":false,"pivot":{"x":0.9671630859375,"y":4.9620361328125,"z":-10.990234375},"rotation":{"x":-0.0002738086914177984,"y":-0.9991596937179565,"z":-0.004493553191423416,"w":0.04464221000671387},"size":5.245754718780518,"orthographic":true}