{"cameraMode":{"drawMode":0,"name":"Shaded","section":"Shading Mode"},"sceneLighting":false,"audioPlay":false,"sceneViewState":{"showFog":true,"showMaterialUpdate":false,"showSkybox":false,"showFlares":true,"showImageEffects":true,"showParticleSystems":true},"in2DMode":false,"pivot":{"x":-1.3206486701965333,"y":1.2313625812530518,"z":-0.04585748910903931},"rotation":{"x":-0.005995927844196558,"y":-0.9767120480537415,"z":0.21277837455272675,"w":-0.027554316446185113},"size":2.4319705963134767,"orthographic":true}