{"cameraMode":{"drawMode":0,"name":"Shaded","section":"Shading Mode"},"sceneLighting":true,"audioPlay":false,"sceneViewState":{"showFog":true,"showMaterialUpdate":false,"showSkybox":true,"showFlares":true,"showImageEffects":true,"showParticleSystems":true},"in2DMode":false,"pivot":{"x":-9.802734375,"y":0.65478515625,"z":-4.78619384765625},"rotation":{"x":0.1308015137910843,"y":-0.7102330327033997,"z":0.1369282752275467,"w":0.6781325936317444},"size":15.630681991577149,"orthographic":true}