{"cameraMode":{"drawMode":0,"name":"Shaded","section":"Shading Mode"},"sceneLighting":true,"audioPlay":false,"sceneViewState":{"showFog":true,"showMaterialUpdate":false,"showSkybox":true,"showFlares":true,"showImageEffects":true,"showParticleSystems":true},"in2DMode":false,"pivot":{"x":-13.392298698425293,"y":3.3615736961364748,"z":2.272787570953369},"rotation":{"x":0.18302345275878907,"y":-0.3914848268032074,"z":0.07976512610912323,"w":0.8982703685760498},"size":9.40102767944336,"orthographic":false}