{"cameraMode":{"drawMode":0,"name":"Shaded","section":"Shading Mode"},"sceneLighting":true,"audioPlay":false,"sceneViewState":{"showFog":true,"showMaterialUpdate":false,"showSkybox":true,"showFlares":true,"showImageEffects":true,"showParticleSystems":true},"in2DMode":false,"pivot":{"x":-4.780013084411621,"y":-4.57990837097168,"z":-11.942388534545899},"rotation":{"x":0.23154984414577485,"y":-0.5499128699302673,"z":0.1620064079761505,"w":0.7859673500061035},"size":10.725765228271485,"orthographic":false}