{"cameraMode":{"drawMode":0,"name":"Shaded","section":"Shading Mode"},"sceneLighting":false,"audioPlay":false,"sceneViewState":{"showFog":true,"showMaterialUpdate":false,"showSkybox":false,"showFlares":true,"showImageEffects":true,"showParticleSystems":true},"in2DMode":false,"pivot":{"x":4.644567489624023,"y":1.1844854354858399,"z":-5.4931230545043949},"rotation":{"x":-0.10582093894481659,"y":0.7757378220558167,"z":-0.13514931499958039,"w":-0.6072954535484314},"size":1.5093824863433838,"orthographic":true}