{"cameraMode":{"drawMode":0,"name":"Shaded","section":"Shading Mode"},"sceneLighting":true,"audioPlay":false,"sceneViewState":{"showFog":true,"showMaterialUpdate":false,"showSkybox":true,"showFlares":true,"showImageEffects":true,"showParticleSystems":true},"in2DMode":false,"pivot":{"x":0.9671630859375,"y":4.9620361328125,"z":-10.990234375},"rotation":{"x":-0.000275697821052745,"y":-0.9997820854187012,"z":-0.007497058250010014,"w":0.026650337502360345},"size":3.901231527328491,"orthographic":true}